[{"id":"user-image-uschi.jpg","fileName":"uschi.jpg","name":"uschi","publicUrl":"https://assets.nicepagecdn.com/8db99095/6208171/images/uschi.jpg","size":437156,"hash":"AKnnTNr4BAOeFtYHUwOnED3c3jo=","width":1582,"height":631,"folderId":null,"thumbnail":{"url":"https://assets.nicepagecdn.com/8db99095/6208171/images/thumbnails/uschi.jpg","width":150,"height":60},"usages":["1280828530"]},{"id":"user-image-eu_parlament_wikimedia.jpg","fileName":"eu_parlament_wikimedia.jpg","name":"eu_parlament_wikimedia","publicUrl":"https://assets.nicepagecdn.com/8db99095/6208171/images/eu_parlament_wikimedia.jpg","size":241561,"hash":"vNFLRvnbQVKeAHXxj4eXtBA7tDw=","width":1200,"height":640,"folderId":null,"thumbnail":{"url":"https://assets.nicepagecdn.com/8db99095/6208171/images/thumbnails/eu_parlament_wikimedia.jpg","width":150,"height":80},"usages":["1280828530"]},{"id":"user-image-parlament.png","fileName":"parlament.png","name":"parlament","publicUrl":"https://assets.nicepagecdn.com/8db99095/6208171/images/parlament.png","size":1766028,"hash":"GgArR6ZICehHIRjwFqE30w5eu5k=","width":1514,"height":743,"folderId":null,"thumbnail":{"url":"https://assets.nicepagecdn.com/8db99095/6208171/images/thumbnails/parlament.png","width":150,"height":74},"usages":["1280828530"]}]