[{"id":52711103,"title":"Blog Template","order":1,"templateKey":"blog","customTemplate":false,"customTemplateFilename":null,"pageLinks":[],"dateCreated":"2024-03-12T16:55:03.248Z","dateUpdated":"2024-03-12T16:55:07.321Z","folderId":null,"pageName":"Blog Template","sectionCount":1,"status":2},{"id":244735675,"title":"Post Template","order":2,"templateKey":"post","customTemplate":false,"customTemplateFilename":null,"pageLinks":[],"dateCreated":"2024-03-12T16:55:03.365Z","dateUpdated":"2024-03-12T16:55:07.321Z","folderId":null,"pageName":"Post Template","sectionCount":1,"status":2},{"id":76388092,"title":"Product List Template","order":3,"templateKey":"products","customTemplate":false,"customTemplateFilename":null,"pageLinks":[],"dateCreated":"2024-03-12T16:55:03.481Z","dateUpdated":"2024-03-12T16:55:07.321Z","folderId":null,"pageName":"Product List Template","sectionCount":1,"status":2},{"id":1674508522,"title":"Product Details Template","order":4,"templateKey":"product","customTemplate":false,"customTemplateFilename":null,"pageLinks":[],"dateCreated":"2024-03-12T16:55:03.589Z","dateUpdated":"2024-03-12T16:55:07.321Z","folderId":null,"pageName":"Product Details Template","sectionCount":1,"status":2},{"id":2187823036,"title":"Shopping Cart Template","order":5,"templateKey":"cart","customTemplate":false,"customTemplateFilename":null,"pageLinks":[],"dateCreated":"2024-03-12T16:55:03.685Z","dateUpdated":"2024-03-12T16:55:07.321Z","folderId":null,"pageName":"Shopping Cart Template","sectionCount":1,"status":2},{"id":78167453,"title":"Login Template","order":7,"templateKey":"login","customTemplate":false,"customTemplateFilename":null,"pageLinks":[],"dateCreated":"2024-03-12T16:55:03.795Z","dateUpdated":"2024-03-12T16:55:07.321Z","folderId":null,"pageName":"Login Template","sectionCount":1,"status":2},{"id":146891440,"title":"Password Template","order":8,"templateKey":"password","customTemplate":false,"customTemplateFilename":null,"pageLinks":[],"dateCreated":"2024-03-12T16:55:03.850Z","dateUpdated":"2024-03-12T16:55:07.322Z","folderId":null,"pageName":"Password Template","sectionCount":1,"status":2},{"id":209802926,"title":"404 Not Found Template","order":9,"templateKey":"404","customTemplate":false,"customTemplateFilename":null,"pageLinks":[],"dateCreated":"2024-03-12T16:55:03.899Z","dateUpdated":"2024-03-12T16:55:07.322Z","folderId":null,"pageName":"404 Not Found Template","sectionCount":1,"status":2},{"id":2324614763,"title":"Thank You Template","order":10,"templateKey":"ThankYou","customTemplate":false,"customTemplateFilename":null,"pageLinks":[],"dateCreated":"2024-03-12T16:55:03.943Z","dateUpdated":"2024-03-12T16:55:07.322Z","folderId":null,"pageName":"Thank You Template","sectionCount":1,"status":2},{"id":1280828530,"title":"Startseite","order":50,"templateKey":null,"customTemplate":false,"customTemplateFilename":null,"pageLinks":[],"dateCreated":"2024-03-12T16:55:12.516Z","dateUpdated":"2024-03-12T20:06:28.882Z","folderId":null,"pageName":"Startseite_1280828530","sectionCount":2,"status":2},{"id":264912705,"title":"Über uns","order":100,"templateKey":null,"customTemplate":false,"customTemplateFilename":null,"pageLinks":[],"dateCreated":"2024-03-12T16:55:04.133Z","dateUpdated":"2024-03-12T16:55:07.322Z","folderId":null,"pageName":"Über uns_264912705","sectionCount":1,"status":2},{"id":166509222,"title":"Kontakt","order":101,"templateKey":null,"customTemplate":false,"customTemplateFilename":null,"pageLinks":[],"dateCreated":"2024-03-12T16:55:04.161Z","dateUpdated":"2024-03-12T16:55:07.322Z","folderId":null,"pageName":"Kontakt_166509222","sectionCount":1,"status":2}]